tekst,dimensioon,ID1,ID2,ID3,ID4,ID5,ID6,ID7,ID8,ID9,ID10
www_tooelu_ee.ela_624263.txt,abs,1,1,1,0.5,1,0,1,0,0,0.5
,info,2,2,3,2,1,0.5,0,3,0.5,1
,aeg,0,0,0,0,0,0.5,2,0,0,2
,afek,0,0,0.5,0,0,0.5,1,0.5,1,1
,form,2,2,0,1,2,1,2,0,0,0
,inter,0,0.5,0,0,0,0,1,0,0.5,0
,spont,1,0.5,0.5,0.5,0,0,0,0,0,0
,imp,3,3,3,3,3,2,1,2,0.5,3
,arg,3,0.5,3,0.5,1,2,0.5,2,0.5,2
,inst,2,1,3,2,2,2,3,0,2,2
,keer,0,1,0,0,0,0,0,0,0.5,0
,subj,0,0,0,1,0,1,1,0.5,1,1
www_easl_ee.ela_201171.txt,abs,0,0,0,0,0,0,0,0,0,2
,info,2,0,3,3,1,2,1,1,2,3
,aeg,0,1,0.5,1,0.5,2,0.5,1,1,0.5
,afek,0,0,0,1,0,0.5,0.5,0.5,1,0.5
,form,1,2,0,0,0,1,1,2,1,0
,inter,1,1,0,1,0,0,1,0,1,0.5
,spont,0,0,1,0,0,0,0,0,0,0
,imp,3,0,0.5,0,0,2,0,2,0.5,1
,arg,1,0,0,0,0,0.5,0.5,0,0.5,0
,inst,0.5,0,1,0.5,0.5,0,0,0,0.5,0
,keer,0,0,1,0,1,0,1,0,0,0
,subj,0,0,0,0,0,0,0,0.5,0,0
www_autoleht_ee.ela_469280.txt,abs,0.5,0,0,0,0,1,0.5,0,0,2
,info,3,2,3,2,3,2,3,3,3,3
,aeg,0.5,0.5,0.5,0.5,0.5,0,1,0.5,0.5,0.5
,afek,0,0,0,0,1,0,0,0.5,0.5,0
,form,0,2,1,0,0,1,2,0,0.5,0
,inter,0,0.5,0,0,0,0,0,0,0.5,0
,spont,0.5,0,0,0,0,0,0,1,0,1
,imp,3,3,3,2,3,3,2,2,1,3
,arg,0,0,0,0,0,2,0.5,0,0,0
,inst,0,0,0,0,1,0,0,0,0.5,0
,keer,1,2,1,2,2,1,2,2,0.5,1
,subj,1,0.5,1,0.5,0.5,0.5,0.5,0,0.5,0
www_syndikaat_ee.ela_469373.txt,abs,0.5,0,0,0,3,0,2,0,0,0.5
,info,1,0.5,0.5,2,1,0.5,1,1,1,1
,aeg,1,2,2,2,0,1,3,2,2,2
,afek,2,1,1,3,1,1,1,1,1,3
,form,0,0,0,0,0,0,0,0,0,0
,inter,0.5,1,0,0,0,0.5,1,1,3,0.5
,spont,0,0,2,0,1,3,2,0,2,1
,imp,0,0,0,0.5,0,0,0,0.5,0,0.5
,arg,0,0,0,2,0.5,0,0,0,0,0
,inst,0,0,1,0,0,0.5,0.5,0.5,0.5,1
,keer,0,0.5,0,0.5,0.5,0,0,0,0,0
,subj,3,2,3,2,2,2,2,2,3,3
ylle_mrt_ee.ela_101705.txt,abs,2,0.5,1,2,2,0,2,0,0,1
,info,0.5,1,1,0,1,1,0,2,1,0
,aeg,1,1,1,2,0.5,1,1,0,2,3
,afek,3,2,3,3,3,2,3,2,2,3
,form,0,0,0,0,0,0.5,0.5,0.5,0,0
,inter,0,1,2,0,0,0,2,0,1,0
,spont,0,1,3,1,2,3,3,1,3,2
,imp,1,1,1,0.5,0.5,0,1,0.5,0.5,1
,arg,3,2,1,2,2,0.5,2,0.5,3,1
,inst,1,0.5,1,1,0.5,0.5,0,0,0.5,0
,keer,0,1,1,0,0,0.5,1,0,0.5,1
,subj,3,3,3,3,3,3,3,2,3,3
rahvahaal_delfi_ee.ela_499379.txt,abs,0,0,1,0,1,0,0.5,1,1,0
,info,1,2,2,2,1,0,1,0.5,0,1
,aeg,0,0,0,0,0,0,0,0,0.5,1
,afek,0,0.5,2,3,2,1,0.5,0,0.5,0.5
,form,0,0,0,0,0,0,0,0,0,0
,inter,2,2,0,2,0,1,3,0,0.5,0
,spont,2,2,0,2,3,0.5,1,0,0.5,0
,imp,3,0,1,0.5,2,0,1,0,1,0.5
,arg,0,0,1,1,2,0,0,2,1,0
,inst,3,2,3,3,2,2,3,2,3,1
,keer,0,0,0,0,1,0,0,0,0,0
,subj,1,1,1,1,1,3,0.5,0.5,1,2
www_admiralmarkets_ee.ela_456804.txt,abs,2,1,1,1,1,2,0.5,0.5,0.5,3
,info,3,2,3,2,1,2,2,2,1,3
,aeg,0,2,1,2,0.5,0,1,1,0,1
,afek,1,0.5,0.5,1,0.5,0,0,2,3,1
,form,0,2,2,0,1,1,1,0,0,1
,inter,1,1,0,1,1,0,1,0,0.5,0
,spont,0,0,0,0,0,1,1,1,0.5,1
,imp,0,0,2,0,0.5,2,1,3,1,3
,arg,0,1,3,1,3,2,2,0,0,1
,inst,0,0,0,0,1,2,0,0,0.5,0
,keer,1,3,2,3,0.5,1,0,1,0.5,1
,subj,1,0.5,1,1,1,0,2,1,3,1
www_linnateater_ee.ela_612249.txt,abs,2,3,2,3,3,0.5,2,2,2,1
,info,1,0,1,0,0,0.5,0.5,0.5,0,1
,aeg,0,0,0,1,0.5,1,0,0,0,0
,afek,3,2,2,0,0,1,1,1,3,1
,form,0,0,0,0,0,0,0,1,0,0
,inter,3,3,3,2,3,3,1,0.5,1,3
,spont,3,2,2,2,1,2,2,0,3,1
,imp,1,1,1,1,1,0,0,1,0,0.5
,arg,1,2,1,2,3,0,2,0,1,2
,inst,0,1,0,0,0,0.5,1,0,0.5,0.5
,keer,0,1,0.5,1,2,0,1,0,2,1
,subj,3,2,3,3,3,3,3,2,3,3
static_inimene_ee.ela_194968.txt,abs,2,0,0,0,2,2,0,1,0,1
,info,2,2,3,0.5,0.5,0.5,1,0.5,2,1
,aeg,1,2,1,1,0.5,0.5,0,0,0,2
,afek,0,0,0,0,0,0,0.5,0,0.5,0
,form,2,0.5,0,0,3,1,2,2,2,0
,inter,0,0,0,0,0,0,0,0,0,0
,spont,2,0,0.5,0,0,0,0,0,0,1
,imp,3,3,3,2,3,3,2,2,3,3
,arg,1,0.5,2,0,0,2,3,2,2,2
,inst,1,0,0,0.5,2,1,0,0,0.5,0
,keer,0.5,0.5,0.5,2,0.5,0,2,0,0,2
,subj,0,0,0,0,0,1,0.5,0.5,1,0
www_bioneer_ee.ela_243230.txt,abs,2,0,0,0,2,0.5,0,0,0,3
,info,3,1,1,0.5,1,2,0,2,0.5,3
,aeg,2,1,1,2,1,2,1,1,0,0.5
,afek,0,0,0,0,0,0,0,0,0,0
,form,3,2,3,3,2,3,3,3,2,3
,inter,0,1,1,0,0,0,0,0,1,0
,spont,1,1,1,1,0.5,2,0,0,0,1
,imp,3,3,2,2,2,3,0.5,0,3,1
,arg,0.5,1,1,0.5,1,2,2,0,2,0
,inst,0,0,0,2,0.5,2,0,0,2,2
,keer,2,2,2,0.5,2,1,2,0,2,0.5
,subj,0,0,0,0,0,1,0.5,0.5,1,1
www_tarbijakaitse_ee.ela_199918.txt,abs,0,0,0,0,0.5,0,0,0,0,0
,info,2,1,2,2,0.5,0,0,1,0,1
,aeg,1,1,1,2,1,1,0.5,0,0,1
,afek,0,0,0,0,0,0.5,0,0,1,1
,form,0,0.5,0,0,0.5,0,2,2,2,0
,inter,0,0,0,1,0,1,0.5,0,2,0
,spont,0,0,0.5,0,0,0,0,0,0,0
,imp,3,0,3,2,2,1,0.5,0.5,2,0.5
,arg,1,1,1,0.5,0,0.5,0,2,2,1
,inst,0,0,0,0,0,1,0,0,1,0
,keer,1,1,0,1,1,0,0,0,1,0
,subj,1,1,0,0.5,0.5,1,1,1,1,0.5
www_vorumaateataja_ee.ela_494965.txt,abs,0.5,1,0.5,1,1,0,0,0,0,1
,info,2,2,2,2,2,1,1,0,0,0
,aeg,0,0,2,2,0,0,2,0,0,0
,afek,1,1,2,0,2,0,1,2,3,2
,form,0,0.5,0,0,0,0,2,2,1,0
,inter,1,2,0,0,0,0,0.5,0.5,0.5,1
,spont,0,0,2,0,0,2,0,0,0,1
,imp,2,1,0,1,2,0,0.5,0.5,1,0.5
,arg,2,1,2,1,2,0.5,2,0.5,2,2
,inst,0,0,0,0,0,1,1,0,1,1
,keer,0,0,0,0,0,0,0,0,1,0
,subj,3,3,1,2,2,0.5,1,2,1,3
www_delfi_ee.ela_361703.txt,abs,0.5,1,0.5,1,1,0.5,1,1,0,1
,info,0,1,0,0,0,0.5,0.5,1,0.5,1
,aeg,0,0,1,0,2,2,2,2,0,3
,afek,3,3,3,1,3,3,3,3,1,3
,form,0,0,0,0,0,0,0,0,0,0
,inter,3,3,3,1,3,1,3,2,3,1
,spont,3,3,3,3,3,3,2,3,3,3
,imp,0,0,0,0,2,3,0.5,0.5,3,1
,arg,3,2,3,2,2,0.5,3,0,3,2
,inst,0,0.5,0,0.5,1,0.5,2,0,1,0
,keer,0,0,0,1,0.5,0,0,0,0.5,0
,subj,3,3,3,3,3,3,3,3,3,3
www_3dnews_ee.ela_435253.txt,abs,2,2,0,1,0,2,0,0,0,3
,info,1,3,3,0.5,3,2,2,3,2,3
,aeg,0,0,1,1,1,0.5,0.5,0.5,0,1
,afek,0,0,0,0.5,0,0,0,0,0,0
,form,2,2,3,0,2,2,2,1,2,1
,inter,0,0,0,0,0,0,1,0,0,0
,spont,0,0,0,0,0,0,0,0,0,0
,imp,3,3,3,1,3,3,3,2,2,3
,arg,0,0,0,0,0,3,0.5,0,2,0
,inst,0,2,1,2,3,2,0,0,0.5,1
,keer,1,1,1,3,2,1,2,2,2,2
,subj,1,1,1,1,1,0,0.5,0,0,0
www_ajakiri_ut_ee.ela_429007.txt,abs,0.5,0,0,2,0,0,0,0,0,1
,info,1,1,1,0.5,1,1,2,1,2,0
,aeg,0,1,1,0,1,0,0,0.5,0,0
,afek,0,0,0,0.5,0,0,0,1,0,0
,form,2,1,2,2,2,0.5,1,1,1,1
,inter,3,3,1,0,0,0,0,0,0,0
,spont,0,0,0,0,0,0,0,0,0,0
,imp,1,2,0.5,0.5,0.5,1,2,2,1,1
,arg,0.5,1,0.5,0,0,2,0.5,0,1,2
,inst,0,0,0,2,0,2,0.5,0,2,0
,keer,1,1,1,1,1,0,1,0,0,0.5
,subj,0,0,0,0,0,1,0,0,0,0
ekspress_online_2020.txt,abs,0.5,0,0,0,0,0,0,0,0,0
,info,1,0.5,1,0.5,0,0,0.5,0,0.5,1
,aeg,1,0.5,0,0.5,2,1,1,2,0,1
,afek,0,0.5,1,0.5,1,1,1,0.5,1,0
,form,0,2,0,0,0,0,0,0,0,0
,inter,1,0.5,1,0,0,0,0,0,2,0
,spont,0,0,1,0,0,0.5,0,0.5,0.5,0
,imp,1,0,0,1,0.5,1,1,1,0,0
,arg,0.5,0,0,0,0,0.5,0.5,0,0,0
,inst,0,0,0,0.5,0,0.5,0,0,0.5,0
,keer,0,0,0,0,0,0,0.5,0,0,0
,subj,0,1,0,1,1,2,0,0,1,0
www_hambaarst_ee.ela_423040.txt,abs,2,0,1,0,2,2,0,0,0.5,2
,info,1,3,1,0.5,1,3,3,3,3,2
,aeg,3,0,1,2,2,1,2,3,2,1
,afek,0,0,0,0.5,0,0,0,0,0,0
,form,3,3,3,3,3,2,3,3,3,3
,inter,0,0,0,0,0,0,0,0,0,0
,spont,0,0,0,0,0,0,0,0,0,0
,imp,3,3,3,2,3,3,0.5,3,3,3
,arg,0,1,2,0,0,2,2,0,3,0
,inst,1,0,2,2,2,1,2,3,3,2
,keer,3,3,2,3,3,1,3,2,3,2
,subj,0,0.5,0,0,0.5,0,0.5,0,0,0
uudised_err_ee.ela_541051.txt,abs,0.5,0,0,0.5,1,0.5,1,0,2,0.5
,info,1,2,2,2,0,1,1,1,1,0.5
,aeg,0,0,0,1,0,0,0.5,1,0.5,0
,afek,1,0.5,0.5,1,0.5,1,2,0.5,3,0.5
,form,0,2,0,1,1,0,0,2,0,0
,inter,1,1,0,0.5,0,1,0.5,0,0.5,1
,spont,0,0,0,0,0.5,0,1,0,0.5,0
,imp,3,0,0.5,1,1,0,0,0,2,2
,arg,2,1,2,2,3,2,1,2,0,0
,inst,0,0,0.5,0.5,0.5,1,1,0,0,0.5
,keer,1,1,0.5,1,1,0,0,0,3,0
,subj,0,2,1,0,2,3,1,0,0.5,0
www_eramets_ee.ela_479405.txt,abs,1,3,0,0,0,1,0,0.5,0,0
,info,0.5,0.5,1,1,2,2,2,1,2,3
,aeg,1,0.5,1,1,1,0,0.5,0,0,0
,afek,0.5,0.5,1,1,1,0,0,0,0,0
,form,3,3,3,3,3,3,3,3,2,3
,inter,0,0,0,0,0,0,0,0,0,0
,spont,0,0,0,0,0,0,0.5,0,0,0
,imp,3,3,3,2,3,3,3,3,3,3
,arg,0,0,0,0,0,0.5,0,0.5,3,0.5
,inst,1,1,1,1,2,2,0,0,2,0
,keer,2,1,2,1,2,1,1,1,0,2
,subj,0,0,0,0,0,0,0,0,0,0
www_unesco_ee.ela_630384.txt,abs,0.5,2,0,2,0.5,0,0,2,0,1
,info,2,0.5,3,0.5,2,0.5,0.5,0,0.5,1
,aeg,1,0.5,1,0.5,0.5,1,2,0,0,1
,afek,0,0,0,0,0,0.5,1,0.5,1,0.5
,form,2,2,2,2,1,2,2,3,3,0
,inter,0.5,0.5,0,0,0,0,1,0,1,0
,spont,0.5,0,0.5,0.5,0.5,0,0,0,0,1
,imp,3,2,3,3,2,2,3,0,2,3
,arg,1,1,1,0.5,1,0,0,0.5,0.5,0
,inst,0,0,0,0,0.5,0.5,0.5,0,0.5,0
,keer,0.5,0,0.5,0,0.5,0,1,0,0,0.5
,subj,0,0,0,0,0,0.5,1,1,1,1
www_epl_ee.ela_495381.txt,abs,0,0,0,0,0.5,0,2,0,0,0.5
,info,3,2,3,2,2,2,3,3,1,3
,aeg,2,0,2,3,1,2,1,2,2,2
,afek,1,0.5,1,0.5,1,0.5,1,0.5,1,0.5
,form,1,2,0,0,1,1,2,0,2,0
,inter,0.5,0.5,0,0,0,0.5,1,1,1,0
,spont,0,0,0,0,0,0.5,0,0,0,0
,imp,1,1,1,0.5,1,1,3,2,3,3
,arg,2,1,3,1,3,0.5,1,1,3,2
,inst,0,0,0,2,0,0.5,0,0,3,0
,keer,0,0.5,0.5,0,0,0,3,2,2,2
,subj,1,1,0,1,0,1,0,0,1,1
www_epl_ee.ela_679018.txt,abs,1,0.5,0,0,0.5,1,0.5,0,0,2
,info,0.5,1,1,0.5,1,0.5,1,1,0,1
,aeg,1,2,1,2,1,0.5,0,0.5,0.5,0.5
,afek,0,0,0,0,0,1,0,0,0,0
,form,2,3,2,2,1,0.5,0.5,1,1,1
,inter,1,1,0,1,0,0,0,0,2,0
,spont,0,0,0,0,0,0,0,0,0,2
,imp,3,1,3,1,0.5,0.5,1,0.5,0.5,1
,arg,0.5,1,0,1,1,1,1,0,0.5,2
,inst,0,0,0,0.5,0,1,1,0.5,1,1
,keer,1,2,2,1,1,0,1,2,2,1
,subj,0,0,0,0,0,1,0,0,0.5,0
valitsus_ee.ela_604239.txt,abs,3,3,1,2,0,0,0,2,1,3
,info,2,0.5,3,0.5,3,0.5,1,2,1,3
,aeg,0,0,0,0.5,0,0.5,1,1,0,1
,afek,0.5,0.5,0.5,1,1,0,0,0,0,0
,form,3,3,2,2,3,0.5,1,2,1,3
,inter,0.5,0,0,1,0,0,0.5,0,1,0
,spont,0,0,0,0,0.5,0,0.5,0.5,0.5,0.5
,imp,3,1,3,2,2,3,3,2,2,3
,arg,2,0.5,1,0.5,1,2,2,0.5,0.5,0
,inst,1,2,0,3,1,2,0,1,2,0
,keer,2,0,2,0.5,0.5,2,2,2,2,2
,subj,0,0,0,0,0,2,0.5,0.5,0.5,1
sport_autonet_ee.ela_515760.txt,abs,0.5,2,0,0.5,0.5,1,0,0.5,0,1
,info,2,3,3,1,3,2,3,0.5,3,1
,aeg,3,3,3,0.5,2,2,3,3,0,3
,afek,0,0.5,1,0.5,1,0.5,1,0.5,0.5,1
,form,2,2,0,0,0,2,2,2,0,1
,inter,0,0.5,2,0,0,0,0.5,0,3,0
,spont,0,0,0,0,2,0,0,0,0,0
,imp,3,1,0,0.5,1,3,0,2,0.5,0
,arg,0,0,0,0,0,0.5,0.5,0,0.5,0
,inst,0,0.5,0,1,3,0.5,0,0,1,0
,keer,0.5,1,0.5,2,2,1,0.5,1,0.5,1
,subj,0,0,0,0,0,0.5,0,0,0,0
www_politsei_ee.ela_163441.txt,abs,1,0.5,0.5,0.5,1,0,0,0.5,0,0
,info,3,3,3,3,3,2,2,3,1,2
,aeg,3,2,3,2,3,2,3,0,1,0.5
,afek,0,0,0,0,0,0,0,0,0,0
,form,3,1,2,1,1,2,3,3,3,1
,inter,2,0.5,0,0,0,0,0,0,0,0
,spont,0,0,0,1,2,0,0,0,0,0.5
,imp,3,3,1,0.5,2,1,1,0.5,3,1
,arg,0,0,0,0,0,2,1,0,0,0
,inst,0,0,0,0,0,0,0,0,3,0
,keer,0,0,0,0,1,0,0,0,0.5,1
,subj,1,0.5,1,0.5,0.5,0,0,0,0,0
arvamusaed_ee.ela_6007.txt,abs,1,0.5,0,0.5,0,1,1,2,0,0
,info,0.5,1,0.5,2,0,0.5,0.5,1,0,0.5
,aeg,0,0,1,2,0.5,0.5,1,1,0,2
,afek,2,1,2,2,1,0.5,1,0.5,1,1
,form,0,0.5,0,0,0,0,1,2,1,0
,inter,1,2,0,0,0,0,0.5,0,1,0
,spont,0,0,1,0,0,1,0,0,0,0
,imp,1,1,1,0.5,1,0,2,3,2,0
,arg,2,2,2,2,2,1,3,2,2,0.5
,inst,0,0,1,0,0,2,0,0,0,0
,keer,0,0,0,0,0,0,0,0,0,0.5
,subj,3,2,3,2,2,2,3,2,2,1
stiimul_ee.ela_330566.txt,abs,0,0.5,0,0,1,1,0.5,1,0.5,1
,info,1,0,3,2,2,1,2,1,1,2
,aeg,0,0,0,1,0,0,0,0,0,0.5
,afek,0,0,1,0,0,1,1,0.5,1,1
,form,0.5,1,0,0,2,1,2,2,2,0
,inter,3,2,1,1,0,1,0,0,3,1
,spont,0,0,0,1,0,0,0,0,0,1
,imp,1,0,0,0.5,0.5,1,1,2,1,1
,arg,0.5,0,1,1,0,0.5,1,0,2,0
,inst,0,0,0,0,0,0,0,0,0,0
,keer,1,0,1,0.5,0,0,1,0,1,0
,subj,1,1,1,1,1,1,0,0,1,0
www_seduction_ee.ela_642092.txt,abs,1,2,1,0,3,0,2,3,2,0
,info,0,1,1,0.5,0.5,0,0.5,0,0,0.5
,aeg,0,0,0,0,0,1,1,0,0,2
,afek,3,2,3,3,3,3,3,2,3,3
,form,0,0,0,0,0,0,0.5,0.5,0.5,0
,inter,2,1,3,1,0,0,1,0,1,0
,spont,0.5,0,3,2,3,2,3,1,3,0.5
,imp,0,0,0,0.5,1,0,1,2,0,0.5
,arg,3,2,1,2,1,0.5,2,0,1,0
,inst,0,0,0,0,0,1,0,0,3,0
,keer,0,1,0,2,1,0,0,0,0.5,1
,subj,3,3,3,3,3,1,3,2,3,3
www_kohus_ee.ela_34731.txt,abs,1,0,0,0,0,0,0,0,0,1
,info,2,0,3,2,3,2,2,2,3,2
,aeg,3,2,2,2,3,2,1,3,0.5,2
,afek,0,0.5,0.5,0.5,1,3,0,1,0,0
,form,3,3,2,1,2,0.5,1,0.5,3,2
,inter,3,0.5,2,0,0,0,0.5,0,3,0
,spont,0,0,0.5,0,0,1,0.5,0,1,0.5
,imp,3,0,0,2,2,0,0.5,2,2,0
,arg,0,0.5,0.5,0.5,0,3,2,2,0.5,3
,inst,0,0,0,2,2,0.5,0,0,3,0
,keer,0.5,1,1,0.5,2,0,1,2,2,1
,subj,1,1,1,1,0.5,0.5,0.5,0.5,0.5,0.5
www_lapsemure_ee.ela_140896.txt,abs,2,0.5,0,0.5,2,0,1,0,0,3
,info,0.5,2,1,2,0.5,0.5,0.5,0.5,1,0.5
,aeg,0,2,3,2,2,0.5,3,1,2,0.5
,afek,3,2,3,3,2,2,3,2,3,2
,form,1,1,1,0.5,0.5,0.5,0.5,1,1,0
,inter,3,3,0,1,0,1,3,0,3,0
,spont,2,3,3,3,3,3,3,3,3,3
,imp,0,0,0,1,1,0.5,1,0.5,1,1
,arg,1,0.5,0.5,0.5,1,0.5,1,1,2,1
,inst,0,0,0,0.5,0.5,0.5,0.5,0,1,0.5
,keer,2,0,0,2,0.5,0,0.5,0,0,0
,subj,3,3,3,3,2,3,3,3,1,1
et_wikipedia_org.ela_624820.txt,abs,0.5,0.5,1,0,0.5,2,0,1,0,2
,info,2,1,3,2,2,2,2,1,0,3
,aeg,0,0,0,0.5,0,0,0,0,0,0
,afek,0,0,0,0,0,0,0,0,0,0.5
,form,2,3,1,0,0.5,1,2,0.5,0.5,0
,inter,1,0.5,0,0,0,0,0,0,0,0
,spont,3,0,0,0,0.5,0,0,0,0,0
,imp,3,2,3,0,2,3,3,0.5,3,3
,arg,0.5,1,2,0,0,2,3,1,0.5,0
,inst,0,0,0,0.5,0.5,3,0,0,3,0
,keer,1,1,2,1,0,0,2,1,2,1
,subj,0,1,0,0,0,0,0,0.5,0.5,0
et_wikipedia_org.ela_519819.txt,abs,1,2,1,3,0.5,0.5,1,0,0,0.5
,info,2,0.5,3,2,1,0.5,0.5,0,0,1
,aeg,0,0.5,0.5,1,0,1,0,0,0,1
,afek,0,0,0,0,0,1,1,0.5,1,1
,form,0.5,2,0,0,2,1,2,2,2,2
,inter,0,0.5,0,0,0,1,0.5,0.5,1,1
,spont,0,0,0,0,0.5,0,0,0,0,1
,imp,1,0,1,2,3,2,2,2,0.5,0.5
,arg,1,0,0,0,1,2,2,2,2,2
,inst,0,1,0,2,2,2,1,0,3,0
,keer,0,0,0.5,0,1,0,2,0,2,0
,subj,0,0,0,0,0,2,0,0,0,0
blablabla_ee.ela_504829.txt,abs,0,0,1,0,0.5,0,1,0,0,0
,info,1,0.5,1,1,1,0,0,0.5,0,0
,aeg,1,2,0,2,1,0,2,0.5,0,1
,afek,1,1,2,3,2,3,2,1,3,3
,form,0,0,0,0,0,1,1,1,1,1
,inter,2,3,0,1,2,0,2,0,3,0
,spont,2,1,1,0.5,1,1,2,0,0.5,0.5
,imp,0,0,0,2,0,0,1,0,0,0
,arg,1,0.5,0,0.5,0,0,3,0,0,0
,inst,0,0.5,0,0,0.5,0,0,0,1,0
,keer,2,1,0,0.5,0,0,0,0,2,0
,subj,2,2,2,2,2,3,1,0.5,1,1
www_director_ee.ela_529643.txt,abs,2,1,0,2,0.5,0,0,0,1,1
,info,0.5,0,2,2,2,1,0,2,0,1
,aeg,1,0,1,2,0,1,0.5,2,0,0
,afek,0,1,0,0,0,0.5,0,0.5,1,1
,form,0,0,0,0,0,0,1,0,0,0
,inter,2,2,2,0,0,1,0.5,0,3,0
,spont,2,0,1,0,1,0,1,0,1,0
,imp,1,1,1,0.5,1,0,0.5,0.5,0.5,0.5
,arg,0,0,0,0,0,2,1,0.5,0.5,0.5
,inst,1,2,0,1,2,1,0,0,2,0
,keer,0.5,0,1,2,1,0,0.5,0.5,2,0
,subj,0.5,0.5,0.5,0.5,0.5,2,2,1,2,1
et_wikipedia_org.ela_219301.txt,abs,3,2,2,2,3,1,3,2,2,1
,info,1,1,1,1,1,0.5,0.5,1,0,1
,aeg,1,0.5,1,0.5,1,0,0.5,0,0,1
,afek,0,0,0,0,0,0,0,0,0,0
,form,0.5,1,0.5,0.5,0,0.5,1,1,1,0
,inter,0,0,0,0,0,0,0,0,0,0
,spont,0,0,0,0,0,0,0,0,0,0.5
,imp,1,0,3,0.5,2,2,3,2,2,3
,arg,0,0,3,0,1,0,0,1,2,0.5
,inst,0,0,0,0.5,1,2,0,0,2,0
,keer,0,0,1,1,1,0,0,0,0,1
,subj,0,1,0,0,0,0.5,0,0,0,0
www_politsei_ee.ela_40109.txt,abs,1,1,0,0.5,0,0,1,0.5,0.5,0
,info,0.5,2,1,2,1,2,2,0,1,3
,aeg,1,1,1,2,1,1,2,0,0,3
,afek,0,0,0,0,0,1,0,0,0,0
,form,1,2,1,2,2,2,3,0.5,3,1
,inter,0,0,0,0,0,1,2,0,0,0
,spont,0,0,0,0,0,0,0,0,0,0
,imp,3,0,0,2,2,2,0,2,1,3
,arg,0,0,0,0,0,0.5,1,0,1,0
,inst,0,0,0,2,3,3,0,0,3,2
,keer,0,1,0,0,0,0,1,0,0,0
,subj,0,0,0,0,0,0,0,0,0,0
www_lounaleht_ee.ela_576969.txt,abs,1,1,1,0,0,0,0,0.5,0,0
,info,1,1,1,0.5,0,0.5,2,0,0,0.5
,aeg,0,0,1,1,0.5,2,0,1,0,2
,afek,0,0,0,0,0,1,1,1,1,0
,form,2,0.5,1,0,0.5,0,0.5,0.5,1,1
,inter,0,2,1,1,0,0,1,0,2,1
,spont,0,0,0,0,0,0,1,0,0,0
,imp,3,0,0,2,2,0.5,0.5,0.5,2,2
,arg,2,0,0,0,0,0.5,0.5,0.5,0.5,0.5
,inst,0,0,0,0.5,0,1,0,0,1,0
,keer,0,0,1,1,0,0,0,0,0,0
,subj,0.5,1,1,1,1,0,0,0,0,0
rahvahaal_delfi_ee.ela_258274.txt,abs,0,0,0,0,0,0,1,2,0,1
,info,0.5,0.5,0.5,0.5,1,2,0.5,1,0,2
,aeg,1,1,1,2,1,0.5,1,0,0,0.5
,afek,2,2,3,3,3,3,2,2,3,3
,form,1,1,1,1,1,0,0.5,0,0,0
,inter,0,0,1,0,0,0,0,0,1,0
,spont,1,1,1,1,1,1,2,1,1,1
,imp,0,0,0,3,2,1,1,1,1,1
,arg,3,0.5,3,0.5,2,2,1,2,1,2
,inst,0,1,0,2,1,1,0,0,0.5,0
,keer,0,0,0,0,0,0,0,0,1,0.5
,subj,2,3,3,3,3,1,1,2,0.5,3
arvamusaed_ee.ela_274676.txt,abs,2,1,1,2,0,0,2,0.5,2,2
,info,0,0.5,0.5,0.5,1,0,0.5,0,0,0.5
,aeg,0,0,0,0,0,0,1,0,0,0.5
,afek,1,2,3,2,3,0,0.5,2,1,2
,form,0.5,0.5,0,0,0,0,0,0.5,0,0
,inter,1,2,0.5,1,0,0,2,0,2,0
,spont,0,0,2,1,0,1,1,1,0,1
,imp,1,0,0,0.5,0.5,1,0,0.5,2,0
,arg,1,2,2,2,1,2,2,1,2,0
,inst,0,0.5,1,0,0.5,2,0,0,1,1
,keer,0,0.5,0.5,1,1,0,0,0.5,0.5,0
,subj,1,1,3,3,2,2,2,2,2,2
www_ekspress_ee.ela_495829.txt,abs,2,1,1,0,1,0,0.5,2,0.5,0.5
,info,0,2,2,0.5,3,1,2,0,0,2
,aeg,0,0.5,0.5,0.5,1,1,3,1,0,2
,afek,3,2,3,1,1,3,3,3,3,1
,form,0,0,0,0,0,0,0,0,0,0
,inter,3,3,3,3,3,2,3,3,1,2
,spont,3,3,3,3,3,3,2,3,3,3
,imp,1,0.5,0.5,0,1,0,1,0.5,0.5,3
,arg,2,1,1,2,2,0.5,2,0.5,0.5,0
,inst,0,2,0,1,2,1,2,0,0,0
,keer,1,2,2,3,3,0,0,0,2,3
,subj,3,3,1,1,0.5,3,3,3,3,2
www_ekspress_ee.ela_177019.txt,abs,2,3,2,3,3,1,3,3,3,3
,info,0.5,0.5,0.5,0.5,0.5,0,0,0.5,0,3
,aeg,0,0,0.5,0.5,0,0,0.5,0,0,0.5
,afek,1,2,2,1,2,1,3,0.5,1,0.5
,form,1,1,1,1,1,0,0.5,0.5,0,0
,inter,3,3,3,3,3,1,2,2,2,3
,spont,3,3,3,3,2,3,1,3,2,2
,imp,1,1,0.5,0.5,0.5,1,1,1,1,1
,arg,2,3,3,2,3,0.5,3,2,1,0
,inst,1,1,0.5,0.5,1,0.5,0,0,0.5,0.5
,keer,2,2,2,3,3,0,0.5,0,0.5,2
,subj,2,2,2,3,3,3,2,2,3,3
www_aialeht_ee.ela_457123.txt,abs,0.5,1,0,0,1,0,1,1,1,1
,info,1,0.5,1,0.5,1,1,0,2,0,1
,aeg,1,0,0.5,0.5,0.5,1,2,1,0,2
,afek,0,1,1,1,1,1,1,1,2,0
,form,0,0.5,0.5,0,0.5,0,1,0,0.5,0
,inter,3,3,3,2,3,2,3,3,3,2
,spont,3,3,1,3,3,3,2,2,3,2
,imp,0,0,0,0,0.5,1,1,2,1,1
,arg,0,1,3,0,2,0.5,1,1,1,0.5
,inst,3,3,2,2,3,2,3,2,2,2
,keer,0.5,0.5,0.5,1,1,0,0,2,1,0.5
,subj,0.5,0.5,0.5,1,1,1,0.5,0,1,0.5
www_puuinfo_ee.ela_279876.txt,abs,1,3,1,1,1,2,0,0,0,2
,info,2,2,3,2,3,0.5,3,1,1,1
,aeg,1,0,0,0,1,0,0.5,0,0,1
,afek,0.5,0,0,0,0,0.5,0.5,0,1,0
,form,1,2,1,0,1,2,2,0,2,2
,inter,0,0,0,0,0,0,0.5,0,1,0
,spont,0,0,0,0,0,0,0,0,0,0
,imp,3,0.5,2,2,2,2,0,0.5,3,3
,arg,2,3,2,1,1,2,3,0,2,2
,inst,1,1,0,3,1,0.5,2,0,0.5,1
,keer,0,2,2,0.5,0,1,3,1,1,2
,subj,0,0,0,0,0,0,0,1,1,0
www_kv_ee.ela_199481.txt,abs,0.5,1,0,0,0,0.5,0,0,0,0.5
,info,3,3,3,3,3,2,1,3,0,3
,aeg,0,2,0,0.5,2,1,2,1,0,0
,afek,0,0,0,0,0,0,0,0,0,0
,form,1,3,0.5,0,0,2,2,0,1,0
,inter,0.5,2,0,0,0,0,2,0,0.5,0
,spont,0,1,0,2,2,0,0,0,1,2
,imp,3,3,3,3,3,3,3,2,1,3
,arg,1,1,0,0.5,1,0.5,0,0,0,0
,inst,0,0,0,1,0,2,1,0,0,0
,keer,1,0.5,0.5,2,1,0,0,0,0.5,0
,subj,0,0,0,0,0,0.5,0.5,0.5,0.5,0.5
www_snap_ee.ela_623342.txt,abs,0.5,0.5,0.5,0,1,2,0.5,0,0,2
,info,3,3,3,2,3,2,3,2,1,3
,aeg,0.5,0,0,0.5,0,0,0.5,0,0,0.5
,afek,0,0,0,2,1,0,0.5,0.5,1,0.5
,form,0.5,0,0.5,0.5,0.5,2,2,0,1,1
,inter,1,1,0,0,0,0,1,0,0.5,0
,spont,0,0,0,0,0.5,0,0,0,0,1
,imp,1,2,3,2,2,3,0.5,0.5,3,3
,arg,2,0,0,2,1,0.5,2,0,0,0.5
,inst,0,0,0,0,0.5,0,2,0,1,0
,keer,0,3,0.5,2,1,1,3,2,0,2
,subj,0,0,0.5,0.5,0.5,0,0,0,0,0
www_riigikogu_ee.ela_224866.txt,abs,2,1,1,1,0,0.5,2,1,0,0.5
,info,0.5,0.5,1,0.5,0.5,0.5,1,0.5,0,1
,aeg,0.5,0.5,1,0.5,0.5,1,2,0,0,2
,afek,0.5,0,0.5,0.5,1,0,2,1,1,1
,form,2,2,0,1,0,0.5,0,0.5,3,0.5
,inter,3,3,1,3,2,2,3,3,3,2
,spont,3,3,1,2,0.5,1,0.5,1,0,1
,imp,2,0,0.5,1,0,0,0,0,2,2
,arg,0.5,3,2,2,3,1,2,2,1,2
,inst,1,0,1,1,2,0.5,0.5,2,1,1
,keer,1,1,2,0.5,0,0,1,0,1,0
,subj,1,1,2,2,2,3,2,0,1,2
www_eestikirik_ee.ela_530609.txt,abs,3,1,3,3,3,2,3,3,2,3
,info,0.5,0.5,1,0.5,1,1,0,0.5,0,0
,aeg,0,0,0,1,0,0,0,0.5,0,0.5
,afek,1,0.5,0.5,1,0,2,2,1,3,1
,form,0,1,1,0,0,0.5,0.5,0,0.5,0.5
,inter,1,1,1,0.5,1,0,2,0,3,0
,spont,1,1,1,1,1,0.5,0.5,0,1,0
,imp,0,0,0,2,2,0,0,0,0,2
,arg,3,1,0,1,3,1,0.5,0,3,0.5
,inst,2,3,2,0.5,2,2,2,0,1,0
,keer,0,2,2,1,0,0,2,0,1,0
,subj,2,1,2,2,2,1,1,0,1,1
www_jeesusekristusekirik_ee.ela_65555.txt,abs,2,0,1,0,1,0.5,1,1,0.5,1
,info,1,1,1,1,1,0,1,2,1,1
,aeg,0,0.5,1,2,0.5,1,0,2,0,2
,afek,0,0,0.5,1,0.5,1,1,1,1,0
,form,0,1,1,1,0,0.5,0.5,0,0,1
,inter,0.5,1,1,0,0.5,0,0.5,0,2,0
,spont,0,0,0,0,0,0,0.5,0,2,2
,imp,1,0,0,0.5,0.5,0,3,1,1,0
,arg,0,0,0,0,0,0,1,0,0,0
,inst,0.5,1,0.5,2,0.5,1,0,0,1,0.5
,keer,0,0.5,0.5,3,1,0,0,0,1,0
,subj,0.5,0,0.5,0.5,0.5,1,0,0,1,0
www_nami-nami_ee.ela_456341.txt,abs,0.5,0.5,0,0,0,0,0,0,0,0.5
,info,0,1,1,2,1,2,0.5,0.5,0,2
,aeg,0,1,3,3,3,0,2,0.5,0.5,3
,afek,1,1,0,1,1,1,1,0,1,1
,form,0.5,0.5,0.5,0,0,0.5,0.5,0,0.5,0
,inter,0.5,0.5,0.5,0,0,0,0,0,1,0
,spont,0,1,0.5,1,1,1,2,1,2,1
,imp,0.5,0,1,0,0.5,0,0.5,0.5,2,0
,arg,0.5,0,0.5,0,0.5,0.5,0.5,0,0.5,0
,inst,2,3,3,3,2,3,3,1,3,3
,keer,0,0,0,1,0.5,0,0,0,0,0
,subj,2,1,1,1,1,2,0,0.5,3,1
www_vnl_ee.ela_670256.txt,abs,1,1,0,0,0,0,1,0,0,2
,info,2,2,1,0.5,1,0.5,2,2,1,0.5
,aeg,1,1,1,1,2,1,0.5,2,2,1
,afek,0,0,0,0,0,1,0,0,2,2
,form,2,2,2,0,1,0,0.5,2,0.5,0
,inter,2,2,2,1,0,0,2,0,2,1
,spont,0,0,0,1,1,0,0.5,0,0.5,0
,imp,3,0,1,2,0.5,0,2,2,0.5,0
,arg,1,0,1,1,0,2,2,0,2,1
,inst,0.5,1,1,1,0.5,0.5,0,0,0.5,0
,keer,1,1,1,0,2,0,0,0,0,0
,subj,0.5,0,0,0,0,2,1,0,1,0
www_maaleht_ee.ela_246360.txt,abs,2,0,0,0,0,0,1,0,0,0.5
,info,1,0.5,1,0.5,1,0.5,0.5,0,0,1
,aeg,2,2,2,2,2,2,1,0,0,2
,afek,0,0,0,0.5,0,1,1,2,2,1
,form,2,2,1,0,1,0,0.5,1,2,0
,inter,0,1,0,1,0,1,1,0,2,0
,spont,0,0,1,0,0,1,0.5,0,0.5,0
,imp,1,1,1,0,1,0,0,0,2,1
,arg,0,0,1,1,1,1,0,0,2,1
,inst,0,0,0,0,0,0.5,0,1,2,0
,keer,0.5,0,0.5,0,0.5,0,0.5,0.5,0.5,0.5
,subj,0,1,0,0,0,1,2,0,0,0
uuseesti_ee.ela_112397.txt,abs,1,1,0,1,0,1,0,0,0,2
,info,0.5,0.5,1,2,0.5,2,2,1,0,3
,aeg,1,1,0.5,0.5,2,0.5,0,1,1,0.5
,afek,1,0.5,1,1,0.5,0,0,0,0,1
,form,3,3,3,2,2,0.5,0.5,2,2,2
,inter,1,1,1,0,0,0,1,0,1,0
,spont,0,0,0,0,0,1,1,1,1,1
,imp,1,1,0.5,0,2,2,3,2,3,3
,arg,0,0,1,0,1,2,0,0,0.5,0
,inst,0,0,0,1,0,0.5,0,0,2,0
,keer,2,1,2,0,2,0,1,0,2,0
,subj,0,0,0,0,0,1,0.5,0,1,0
kalah_zzz_ee.ela_73709.txt,abs,1,2,1,0,2,0,3,2,2,0.5
,info,0.5,2,1,0.5,2,0.5,1,2,0,0.5
,aeg,0,0.5,0,0,0,0.5,0,0,0,0.5
,afek,1,0.5,1,3,3,2,3,2,3,3
,form,0,0,0,0,0,0,0.5,0.5,0,1
,inter,1,1,1,1,1,0,1,0,2,0
,spont,2,3,1,3,3,1,0.5,1,1,1
,imp,0.5,0,1,0.5,0,0,3,2,2,1
,arg,2,2,1,2,3,2,0.5,2,2,1
,inst,0,1,0,0.5,1,0.5,1,0,2,0
,keer,1,0,1,3,2,0,0,0,2,3
,subj,3,3,1,3,3,3,3,2,3,3
rahvahaal_delfi_ee.ela_388979.txt,abs,0,2,0,2,1,0,1,0.5,0.5,2
,info,2,3,2,0.5,0,2,0,0.5,0,2
,aeg,1,0,0,0.5,2,2,0,0,0,2
,afek,3,2,3,2,3,2,3,2,3,3
,form,0,0.5,0,0,0,0,0,0.5,0,0
,inter,2,2,1,0,0,0,2,0,3,0
,spont,0,0,2,0,1,2,1,1,1,1
,imp,1,0,1,0.5,0.5,0,1,0.5,1,1
,arg,3,3,3,2,1,2,3,3,1,0.5
,inst,0,0,1,2,0,0,1,0,0,1
,keer,0,1,0,1,0.5,0,0,0,0,0
,subj,1,1,3,1,1,3,3,3,3,2
www_med24_ee.ela_557549.txt,abs,3,3,3,2,3,2,2,3,2,3
,info,0.5,0.5,1,0.5,0,0.5,1,3,0.5,2
,aeg,0,0,0,0,0,0.5,1,1,0.5,0.5
,afek,3,2,2,3,2,2,3,2,3,3
,form,0,0.5,0,0,0,0,0.5,0,0,0
,inter,0,3,1,2,0,1,3,0,2,1
,spont,1,0,2,0,1,1,3,1,2,1
,imp,0,0,0,0,0.5,0,0,0,0.5,0.5
,arg,1,0.5,3,1,0,0.5,0,0.5,1,0
,inst,0,0,0,0.5,0,0.5,0,0,0,0
,keer,1,0.5,1,0,2,0,0,0,2,1
,subj,3,2,3,2,1,0.5,2,0.5,2,0.5
www_ilm_err_ee.ela_196894.txt,abs,0.5,0,0,0,0,0.5,0.5,1,0.5,1
,info,2,2,3,2,2,2,3,1,2,0.5
,aeg,2,2,3,2,2,2,3,3,2,2
,afek,0,0,0,0,0,1,0.5,0,0,0
,form,3,0.5,3,0.5,0.5,2,1,2,1,2
,inter,0,0,1,0,0,0.5,1,1,1,0.5
,spont,0,0,0,0,0,0,0,0,0,0
,imp,1,1,1,0.5,1,0.5,1,0.5,3,1
,arg,0,1,0,1,0,2,3,0,3,1
,inst,0,0,0,2,1,0.5,0,0,0.5,0
,keer,0,2,0,1,0.5,0,0,3,1,0.5
,subj,1,0.5,1,0.5,0,0,0,0,0,0
www_tootukassa_ee.ela_395777.txt,abs,1,0,0,1,2,2,0,0,0,3
,info,3,2,3,3,3,2,2,2,0.5,3
,aeg,0,0.5,1,0.5,0,2,0.5,0.5,0,2
,afek,0,0.5,0.5,0,0.5,1,0.5,0,1,1
,form,3,3,3,3,3,3,3,3,3,3
,inter,1,1,1,1,1,0,0.5,0,1,0
,spont,0,0,0,0,0,1,0,1,0.5,0.5
,imp,0,3,3,3,2,3,3,3,3,3
,arg,0,0,2,0,0,2,1,0.5,3,1
,inst,1,2,2,2,2,3,1,3,3,0
,keer,0.5,2,0,0,1,0,3,1,2,1
,subj,0,0,0,0,0,0,0,0,0,0.5
www_mod_gov_ee.ela_178680.txt,abs,0,0.5,0,0,0.5,0.5,0,0,0,1
,info,2,0.5,3,2,0.5,0.5,0.5,0.5,2,1
,aeg,1,2,1,1,1,0.5,2,2,0,0.5
,afek,0,0,1,0,0,0.5,1,0.5,1,1
,form,3,3,1,3,3,1,2,2,0,3
,inter,1,2,0.5,0,0,0,0,0,0.5,0
,spont,0,0,0,0,0,0,0,0,0,0
,imp,1,0.5,1,3,1,0.5,1,2,2,3
,arg,3,3,1,3,3,2,3,3,2,3
,inst,0,0.5,0.5,0.5,0.5,0.5,0,1,3,0
,keer,2,0.5,1,1,0,0.5,0,0.5,2,0
,subj,0,0,0,0,0,1,2,0,0,0
www_pealinn_ee.ela_132426.txt,abs,0.5,0,0,0,1,0,1,0.5,0,1
,info,3,2,1,0.5,3,2,2,2,2,3
,aeg,1,1,0.5,0.5,2,0,0.5,2,0,1
,afek,3,2,2,1,1,0,1,2,2,2
,form,1,1,0.5,1,0.5,1,2,1,0,0
,inter,0.5,2,0,1,0,0,0,0,1,0
,spont,1,0,0,1,1,0,0,0,1,2
,imp,1,1,3,0.5,1,2,2,2,0.5,2
,arg,3,3,0,0,3,2,0.5,1,2,2
,inst,0,0,0.5,0,0,0.5,0.5,0,0.5,0
,keer,2,3,2,2,1,1,3,2,2,0.5
,subj,3,0.5,1,0.5,1,1,1,1,2,3
www_advent_ee.ela_658698.txt,abs,2,2,1,2,2,1,3,2,0,3
,info,1,0.5,1,0.5,1,0.5,0.5,0.5,0.5,1
,aeg,1,1,2,2,0.5,1,2,0.5,0,3
,afek,2,1,2,2,3,3,3,2,3,2
,form,0.5,0.5,0,0,0,0.5,0,0.5,0,0
,inter,1,1,3,1,0.5,0,0,1,3,1
,spont,0,0,1,1,0,0,2,0,1,0
,imp,1,1,1,0,0.5,0,0,0,0.5,0.5
,arg,3,1,1,1,1,0,0.5,0.5,3,0.5
,inst,0,1,2,0,1,1,0.5,0,3,0.5
,keer,0.5,1,0.5,0.5,0,0,0,0,1,0
,subj,1,2,3,2,0,2,3,2,2,1
www_auto24_ee.ela_469677.txt,abs,0.5,0,1,0.5,2,0,1,1,0.5,0.5
,info,2,1,0.5,0.5,0.5,0,0.5,0,0,3
,aeg,0,0,0,0.5,0,0,2,0,0,2
,afek,2,2,2,3,3,2,1,2,3,3
,form,1,1,0.5,0.5,1,0,0,0,0,0
,inter,2,0,1,3,0,0,2,0,1,0
,spont,3,2,3,3,3,1,2,2,2,2
,imp,1,0,1,0,0,1,1,0.5,0.5,1
,arg,0.5,1,1,3,3,0.5,0.5,2,2,0
,inst,0,0,0.5,0,2,0.5,1,0,1,1
,keer,1,0,2,2,1,0,0,0,1,0
,subj,3,3,3,3,3,3,3,2,3,3
www_tuuleenergia_ee.ela_40373.txt,abs,1,0,0,0,0.5,1,0,0,2,2
,info,2,0.5,2,2,0.5,1,2,1,0,1
,aeg,1,0,0,0,0,1,0.5,0,0,0.5
,afek,0,1,2,1,3,0.5,0.5,0,1,1
,form,0,1,0,0,1,1,0,0,2,0
,inter,1,2,0,0,0,0,0.5,0,1,0
,spont,0.5,1,1,1,1,0,0,0,1,1
,imp,1,0,0,3,3,1,0,0.5,1,1
,arg,3,2,2,2,3,2,3,2,2,2
,inst,0,1,2,1,0.5,2,2,0,3,2
,keer,0,1,0.5,0.5,0,0,2,0,1,1
,subj,1,1,1,1,1,1,1,1,3,3
www_bsd_ee.ela_638246.txt,abs,2,3,0,0,0,2,0,0,0,3
,info,3,2,3,2,3,0.5,3,2,2,1
,aeg,0,0,2,2,2,1,0.5,0.5,0.5,1
,afek,0,1,0,2,0,0,0,0,0.5,1
,form,1,1,1,1,1,1,3,1,2,1
,inter,1,1,0,0,1,0.5,1,1,1,0.5
,spont,0,0,1,0,0.5,1,0,0,0,1
,imp,3,3,3,2,2,1,2,1,1,1
,arg,1,0.5,0,0.5,0.5,0.5,0.5,0,1,0
,inst,0,0,0,0.5,2,2,0,0,2,0
,keer,3,3,2,3,1,2,3,1,2,3
,subj,0,1,0,1,0,1,1,0.5,1,1
www_le_ee.ela_240831.txt,abs,0.5,0.5,0,0,0,0.5,0,0,0,1
,info,2,2,3,2,2,2,1,0.5,0.5,3
,aeg,3,3,3,3,3,3,2,2,2,3
,afek,0,0.5,1,0,1,0.5,0,0,2,0
,form,2,2,2,2,1,1,1,2,3,0
,inter,0,0.5,0,1,0,1,0,0,1,0
,spont,0,0,0,0,0,0,0,0,0,0
,imp,0,1,1,1,0.5,0,2,2,2,3
,arg,1,0,0.5,0,0,1,0.5,0.5,0,2
,inst,0,0,0,2,0.5,1,0,1,1,0
,keer,1,1,0.5,1,0,0,1,0,0.5,0
,subj,0,0,0,0,0,1,0,0,0,2
www_xn--eestimngula-q8a_ee.ela_40079.txt,abs,0.5,0,0,0,0.5,2,0,1,0,0
,info,1,3,3,2,3,2,2,0.5,0,2
,aeg,0.5,0,0,0.5,0,0.5,1,0.5,0,0.5
,afek,1,1,1,1,1,0,0,0,1,0
,form,0,1,0,0,0,1,1,1,0.5,1
,inter,1,1,1,1,1,1,1,0,0,0
,spont,1,1,1,1,1,1,1,1,1,1
,imp,3,3,1,1,2,2,0,0,1,3
,arg,1,0,0.5,0,0.5,2,0.5,0,0.5,0
,inst,3,3,3,3,3,3,2,0.5,3,3
,keer,0,0,0,1,1,0,0,0,0.5,0
,subj,0.5,0,0,0.5,0,1,0.5,0.5,0.5,0.5
www_vorumaateataja_ee.ela_241120.txt,abs,0,0,0,0,1,0.5,1,0,0,1
,info,0.5,1,1,1,0,0.5,0.5,2,0,0.5
,aeg,1,3,2,3,2,2,3,2,1,2
,afek,0.5,0,0,1,0,2,2,2,3,2
,form,0,1,0,0,0,0,0,0.5,0,0
,inter,2,3,1,1,1,1,3,0,3,2
,spont,0.5,1,0,1,1,1,0.5,0,0.5,0
,imp,2,0,0,2,1,0,0,2,0,2
,arg,0.5,0.5,0,0.5,1,1,1,0,1,1
,inst,1,1,1,1,1,2,0,0,0.5,0
,keer,0,1,0,0,0,0,0,0,0.5,1
,subj,2,1,1,2,1,1,1,0.5,1,1
www_mesindus_ee.ela_33384.txt,abs,0,1,0,0,0,0,0,0,0,0
,info,0.5,0,1,1,2,0.5,0.5,1,0.5,3
,aeg,1,1,1,1,1,0.5,1,3,0.5,3
,afek,0,0,1,1,0,0,0,1,0.5,1
,form,0,0.5,0,0,1,0,0,0,0,0
,inter,0,0,0,0,0,0,0.5,0,1,0
,spont,0,1,0.5,0,0,1,1,0,0,0
,imp,0,0,0,2,0,1,0,0,2,1
,arg,1,0,1,0.5,2,2,3,0,0,2
,inst,2,3,3,3,3,2,2,2,2,3
,keer,1,0,2,0.5,0,1,1,0,1,1
,subj,2,1,1,1,1,0.5,0.5,0.5,1,1
www_horsemarket_ee.ela_436247.txt,abs,0,0,0,0,1,1,0,0,0,0
,info,2,2,3,2,3,2,2,3,2,1
,aeg,3,3,3,2,3,2,3,1,2,1
,afek,0.5,0.5,1,1,1,2,0,2,2,1
,form,0,2,0,0,0,0,1,0,0,1
,inter,1,0.5,1,0.5,0.5,0,1,0,0.5,0
,spont,1,0,0,0,2,0.5,0.5,0,0.5,0.5
,imp,1,0.5,1,0,0.5,0,0,0.5,0,0.5
,arg,2,0,0.5,0,0,2,0.5,0.5,0.5,0
,inst,0.5,1,1,1,1,1,0,0,1,0
,keer,0,1,0.5,2,1,0,0.5,0,0.5,0
,subj,0.5,0,0,0,0,1,1,2,2,1
www_eestisport_ee.ela_196071.txt,abs,0,1,0,0,0,2,0,0,0,1
,info,2,2,3,3,0.5,2,0.5,0.5,2,3
,aeg,3,2,3,3,3,0,3,1,0,0.5
,afek,0,0,0,0,0,1,0,0,0,0
,form,0.5,0.5,0,1,2,1,1,1,0.5,1
,inter,0,0,0,0,0,0,0,0,1,0
,spont,0,0,0,0,0,0,0,0,0,0
,imp,3,2,3,2,2,3,0.5,3,2,2
,arg,0,0.5,0.5,0.5,1,0.5,0,0,1,0
,inst,1,1,1,0.5,1,0.5,0,0,0.5,0
,keer,0,1,0.5,1,1,1,0.5,0,0.5,1
,subj,0,0,0.5,0,0,0.5,0,0,0,0
forte_delfi_ee.ela_88079.txt,abs,0,0,0,0,0,0.5,0,1,0,0
,info,2,2,2,2,3,0.5,2,2,0.5,1
,aeg,0,0,0,0.5,0,1,1,0,0,2
,afek,0.5,0,1,1,0.5,1,0.5,0.5,1,1
,form,0,0,0,0,0,0,2,0,1,0
,inter,0,0.5,0,0,0,1,1,0,0,0
,spont,1,0,1,0,0,0.5,0.5,1,2,1
,imp,1,1,1,2,2,2,1,2,2,2
,arg,2,0,1,1,3,2,2,2,0.5,2
,inst,3,3,3,2,3,2,3,1,1,2
,keer,0,0,2,0,0,0,1,0.5,1,1
,subj,1,1,2,1,1,0,2,0,1,2
www_vm_ee.ela_81604.txt,abs,0,0,0,0,0,0.5,0,1,0,0.5
,info,3,3,3,2,1,0.5,0.5,1,2,0.5
,aeg,1,0,0,0,2,1,0.5,1,0.5,1
,afek,0,0,0,1,0,0,0,0,3,1
,form,3,0.5,2,0,0.5,1,2,2,3,0
,inter,0,0,0,0,0,1,3,0,0.5,0
,spont,0,0,0,0,1,0,0,0,0,1
,imp,3,3,1,3,0.5,0.5,1,3,3,1
,arg,0.5,0.5,0.5,0.5,0.5,3,2,2,3,3
,inst,3,3,3,3,3,3,3,2,3,2
,keer,0,1,0,0.5,0,0,1,0,0.5,0
,subj,0,0,0,0,0,0,0.5,0,0.5,0.5
et_wikipedia_org.ela_191506.txt,abs,0.5,0,0,0.5,0.5,2,0,0,0,2
,info,3,3,3,3,3,2,2,3,0.5,2
,aeg,3,3,3,3,3,3,2,3,2,3
,afek,0,0,0,0,0,0,0,0,0,0.5
,form,2,2,2,1,2,2,0,0.5,2,3
,inter,0,0,1,0,0,0,0,0,0,0
,spont,0,0,0,0,0.5,0,0,0,0,0
,imp,1,1,0,2,0.5,3,0.5,0.5,0,2
,arg,0,0,1,0,0,2,1,0,1,0
,inst,1,1,1,1,1,0,0,0,1,0
,keer,1,3,1,2,1,0,1,1,2,0
,subj,0,0,0,0,0,0,0,0,1,0
www_hambaarst_ee.ela_475731.txt,abs,3,3,0,0,0,2,0,0.5,0,0.5
,info,0.5,0.5,3,2,3,2,2,0.5,0,1
,aeg,0,0,0,0,0.5,0,0,0,0,2
,afek,0,0,0,0,0,0,0,0,0.5,0.5
,form,0,2,1,0,3,1,2,0.5,2,1
,inter,0,0,0,0,0,0,0.5,0,0.5,0
,spont,1,0,0,0,0,0,0,0,1,1
,imp,3,2,3,1,3,3,1,0,0.5,3
,arg,1,1,0,1,1,0.5,1,0,0,0.5
,inst,0,0,0,0.5,1,2,1,0,1,0
,keer,2,2,3,2,2,2,1,2,0.5,1
,subj,0,0,0.5,0,0,0,0.5,0,0,0
arhiiv_koolielu_ee.ela_481254.txt,abs,2,1,0,2,2,0.5,1,2,1,2
,info,1,1,1,1,1,0.5,0.5,2,0,3
,aeg,1,1,1,1,1,1,0,0,0,0.5
,afek,1,0.5,1,1,1,1,0,0,1,2
,form,0,1,0,0,1,0.5,1,2,0.5,1
,inter,1,0,0.5,1,0,1,0,0,1,0
,spont,0,0,1,0,0,1,1,0,1,0.5
,imp,1,1,3,1,2,0,3,2,2,3
,arg,2,2,2,2,2,2,0.5,2,1,0
,inst,1,1,1,2,0,1,1,0.5,1,0.5
,keer,0.5,0.5,1,0.5,0.5,0,0,0,2,0
,subj,1,1,2,1,1,1,2,0,2,2
mesindus_ee.ela_210638.txt,abs,0,0,0,0,0,0.5,0,2,0,1
,info,0.5,2,0.5,0,0.5,0.5,0.5,0.5,0.5,1
,aeg,1,0.5,0.5,0.5,2,0.5,2,0,0,2
,afek,2,1,2,2,2,2,1,2,1,1
,form,1,1,1,0.5,0.5,0,0,0,0,0
,inter,2,1,1,1,0,0,1,0,2,0
,spont,1,1,3,2,2,2,2,2,2,2
,imp,0,0,0,0,0.5,0,0,0.5,1,0.5
,arg,1,0,1,0,0,1,0,0,2,0
,inst,0,1,1,0.5,1,1,0,0,0.5,0
,keer,0.5,0.5,0.5,1,1,0,0,0,0,0
,subj,2,2,3,2,2,2,1,2,2,1
www_emta_ee.ela_522725.txt,abs,3,2,0,0,2,2,0,0.5,0,3
,info,2,3,3,2,0,2,2,2,2,3
,aeg,0,0.5,0,0.5,0,2,0.5,1,0,0.5
,afek,0,0,0.5,0,0,0,0,0,0,0
,form,3,3,3,3,3,2,2,3,3,3
,inter,0,0.5,0,0,0,0,0,0,0.5,0
,spont,3,0,0,0,0,0,0,0,0.5,0
,imp,3,3,3,0.5,0.5,3,2,2,3,3
,arg,0.5,0,0,0,1,3,0.5,0,1,0
,inst,1,3,3,2,3,0.5,1,0,3,0.5
,keer,2,2,2,3,3,1,3,2,3,3
,subj,0.5,0.5,1,0.5,0.5,0,0.5,0,0,0.5
www_alphagis_ee.ela_403490.txt,abs,3,0,1,0,0,3,0,0,0.5,0.5
,info,3,3,3,0.5,3,2,3,3,2,3
,aeg,1,0,0.5,0,0,0,0,0,0,0.5
,afek,0,0,0,0,0,0,0,0,0.5,0
,form,1,2,2,0,2,2,3,3,0,1
,inter,1,1,1,0.5,1,0,2,0,0.5,0
,spont,0,0,0,0,0,1,0.5,0.5,1,0.5
,imp,1,3,3,1,1,3,3,0.5,3,3
,arg,1,1,0,1,3,2,0,0,3,2
,inst,0,0,1,2,3,1,1,0.5,1,1
,keer,3,3,3,3,3,2,3,2,2,3
,subj,0,0,1,0,0,0,0,0,0.5,0
www_meiekirik_ee.ela_286284.txt,abs,2,1,1,2,1,1,0,1,2,2
,info,0,1,1,1,0.5,0.5,1,1,0.5,1
,aeg,0,0,0,0,0,0,0,0,0,2
,afek,0,0,1,0,0,1,2,1,0.5,1
,form,0.5,0.5,0.5,0.5,0,0,0,2,0,1
,inter,2,2,1,1,1,1,0.5,0,2,1
,spont,0,0,0,0,0.5,1,0,0,0,0
,imp,1,0.5,0,2,0.5,0.5,1,0,0.5,1
,arg,1,0.5,2,1,1,1,1,2,2,0
,inst,0,1,0,0.5,1,3,1,0,1,0
,keer,1,1,1,1,1,0,0.5,0,2,0
,subj,0,1,0,0,0,3,1,0,0,0
www_soudeliit_ee.ela_547578.txt,abs,0,0,0,0,0,0,0,0,0,0.5
,info,0,0,2,2,0,0.5,1,0,1,2
,aeg,3,3,1,2,2,2,1,2,0,2
,afek,0,0,0,0,0,0,0,0,0.5,0
,form,0.5,0.5,0.5,0,0.5,2,1,2,1,0
,inter,0,0,0,0,0,0,0,0,1,0
,spont,1,1,1,1,1,0,0,0,0,1
,imp,3,2,2,1,3,1,2,2,0,0.5
,arg,0.5,0,0,0.5,0.5,0.5,0,0,0,0
,inst,0,0,0,0,1,0,0.5,0,0,0
,keer,0,0,0,0.5,0,0,0,0,0.5,1
,subj,0.5,0,0,0,0,1,1,1,1,0.5
bhr_balanss_ee.ela_565106.txt,abs,2,1,1,2,0.5,0,1,1,1,2
,info,1,0,3,0.5,0.5,2,0,1,0,0.5
,aeg,0,0.5,1,0.5,0.5,0.5,0,0.5,0,0.5
,afek,0,1,2,1,1,0.5,0.5,0.5,0.5,1
,form,1,1,1,1,1,0,2,0,0,0
,inter,0,2,0,0,0,0,0,0,0,0
,spont,0,0,0,0,0.5,1,1,0,2,1
,imp,1,0,0,0.5,2,1,0.5,0.5,1,1
,arg,1,0,2,2,2,1,2,0,3,1
,inst,0,1,0,0,0,1,0,0,0.5,0
,keer,0,1,0,2,0,0,0,0,2,0.5
,subj,2,0,0,0,1,2,1,0.5,3,0
www_sirp_ee.ela_651305.txt,abs,0.5,0.5,0.5,0,0.5,0,1,0.5,0,1
,info,1,2,3,2,2,0.5,0.5,2,0,3
,aeg,1,0,2,1,2,2,0,0,0,2
,afek,0,1,0,0,1,1,1,0.5,1,1
,form,1,1,1,1,1,1,1,1,0,0
,inter,0.5,0.5,1,0,0,0,0.5,0,0.5,0
,spont,0,0,0,0,0,1,0,0,0,0
,imp,1,0,2,1,1,0,2,2,1,2
,arg,3,0,0,0,0,0.5,0.5,1,1,1
,inst,1,1,1,1,1,0,0,0,2,0
,keer,0,1,0,1,0,0,0,0,1,0
,subj,0,0,0,0.5,0,0,0,2,1,0
www_helen_ee.ela_520035.txt,abs,0.5,0,0,0.5,0,0,0,2,0,0
,info,1,3,3,3,2,2,2,0.5,1,1
,aeg,0,0,0,1,0,0.5,0,0,0,0.5
,afek,1,1,1,3,1,0,0.5,0,2,0
,form,0,1,0,0,0,0,1,0.5,0,0
,inter,1,1,1,3,1,0,2,0,0.5,0
,spont,0,0,1,1,2,1,0.5,1,1,1
,imp,1,1,2,3,3,1,2,2,1,3
,arg,0.5,0,0.5,0.5,1,2,1,1,1,0.5
,inst,3,3,3,3,3,3,3,1,1,2
,keer,0,0,0,0,0,0,0,0,1,0
,subj,1,0,1,2,1,1,0,0,2,1
www_europarl_ee.ela_36110.txt,abs,2,2,0,0,2,2,0,0,0,2
,info,0.5,0,1,0.5,0.5,0.5,0.5,3,0,1
,aeg,1,1,1,2,1,1,0.5,2,0,1
,afek,1,0.5,0.5,0,0,1,0,1,1,2
,form,3,3,2,3,2,0,0.5,2,2,1
,inter,2,0.5,0,0,0,0,1,0,1,0
,spont,0,0,0,0,0,1,0,0,0,0.5
,imp,3,0.5,0.5,0.5,0.5,0.5,0.5,0.5,2,0.5
,arg,1,1,0.5,0.5,2,0.5,2,0,0.5,0.5
,inst,1,1,1,1,1,1,0,0,1,0
,keer,2,1,2,1,1,0.5,0.5,0,0.5,2
,subj,0,1,0,0,0,1,0,0,1,0
nami-nami_ee.ela_372868.txt,abs,1,0,0,0,0,0.5,0,0,0,0.5
,info,2,2,3,3,2,2,2,1,0,3
,aeg,0,3,3,3,3,3,2,0.5,0,3
,afek,0,0,0,0,0,0,0,0,0,0
,form,1,0.5,1,1,0.5,0,0.5,0,1,0
,inter,0,0,0,1,0,1,2,0,2,0
,spont,0,0,1,0,1,0.5,0,0,1,0
,imp,3,1,1,0,3,1,2,0,1,3
,arg,0,0,0,0,1,0.5,0.5,0,0.5,0
,inst,3,3,3,3,3,3,3,2,3,3
,keer,0.5,0,0.5,0,0,0.5,1,0.5,0.5,1
,subj,0,0,0,0,0,1,0,0,2,0
video_usk_ee.ela_152445.txt,abs,1,0.5,1,3,1,0,2,0,1,2
,info,0.5,0,0.5,0.5,2,0.5,0,1,0,0.5
,aeg,1,0,0,0.5,0,0.5,1,0,0,1
,afek,1,0,1,1,0,0,2,1,1,1
,form,0,0,0,0,0,0,0,0,1,0
,inter,0.5,0.5,0.5,0,0,0,1,0,1,0
,spont,0,0,0,0.5,0.5,1,0,0,0,1
,imp,1,1,1,1,1,0,2,2,2,2
,arg,3,3,1,2,3,0.5,3,2,2,2
,inst,0,0,0,0,0,0.5,0,0,1,0
,keer,0,0,0,0,0,0,0,0,2,0
,subj,3,2,3,2,3,2,2,2,2,2
blog_maaleht_ee.ela_73268.txt,abs,0.5,0,0,0.5,2,0,0.5,1,0,0.5
,info,0,0,1,2,2,2,1,3,0,2
,aeg,1,2,0,2,2,2,3,0,0,3
,afek,0.5,0.5,0.5,1,1,2,2,2,2,0
,form,0,0,0,0,0,0,0.5,0,0,0
,inter,1,0.5,1,0.5,0.5,0,1,0,1,0
,spont,0.5,0.5,1,0.5,1,1,1,0,1,1
,imp,1,0,0,2,0.5,0,0,0,0,0
,arg,0,0,0,0,0.5,1,1,1,0,1
,inst,0,0,0,0,0,0.5,1,0.5,1,0
,keer,0,0,0,1,0,0,1,0,1,1
,subj,1,0.5,1,0.5,1,1,2,2,3,0.5
forte_delfi_ee.ela_222312.txt,abs,1,0,0,0,0,0.5,0,0,0,0
,info,1,1,1,2,1,1,1,1,1,3
,aeg,3,1,2,1,1,2,2,2,0,3
,afek,0.5,0,1,0,0.5,1,1,1,2,1
,form,2,2,0.5,0,1,0.5,1,1,1,0
,inter,0.5,1,0,1,0,0,0.5,0,2,0
,spont,0,0,0,0,0,0,0,0,0,1
,imp,1,0.5,1,0.5,0.5,2,0.5,1,3,2
,arg,1,2,2,2,3,2,3,2,3,2
,inst,0,0,1,1,0,2,0,0,2,0
,keer,0,0.5,0,1,0,0,2,0,2,0
,subj,0,0,0,0,1,2,1,0,0,0
www_eestigiid_ee.ela_530847.txt,abs,0.5,0,0,0,0.5,2,0,0,0,0
,info,3,1,3,2,3,3,3,3,3,1
,aeg,1,0,0,0.5,0.5,0.5,0.5,0.5,0,1
,afek,0.5,0.5,0,0.5,0,0,0,0,0,0
,form,2,2,1,2,2,0.5,1,1,1,1
,inter,0,0,0,0,0,0,1,0,0,0
,spont,0,0,0,0,0,0.5,0.5,0,0.5,0
,imp,3,3,3,2,3,2,3,3,2,3
,arg,0.5,0.5,0.5,0.5,0.5,0,0,0,0,0
,inst,0,0,0,0,0,0.5,0,0,0,0
,keer,1,2,1,3,1,1,1,0,0,2
,subj,0,0,0,0,0,0.5,1,0.5,0.5,0
www_dragon_ee.ela_303548.txt,abs,1,0.5,0,0,3,0,2,2,0,2
,info,1,2,0.5,0,2,0.5,0.5,1,0,2
,aeg,0,0,2,0.5,0,0,0,0,0,3
,afek,3,2,2,3,2,1,2,0.5,1,2
,form,0,0.5,0.5,0,0,0,0,0,0.5,0
,inter,3,3,1,3,3,2,3,3,1,3
,spont,3,3,3,3,3,3,3,3,2,3
,imp,0,0,0,1,0.5,0.5,0,1,0,1
,arg,1,2,1,2,0.5,0.5,0.5,1,1,0
,inst,1,1,0,0,0.5,0,1,0,2,0
,keer,3,2,0,2,2,0,0,1,0,2
,subj,3,3,3,3,3,3,3,0.5,2,1
arvamus_postimees_ee.ela_5946.txt,abs,2,2,1,0,0,0,0.5,0.5,0,0.5
,info,0.5,0.5,1,0.5,0.5,2,2,3,1,0.5
,aeg,1,1,1,1,1,1,0,0,0,1
,afek,2,1,0,1,2,2,1,1,0.5,1
,form,0.5,0.5,2,0,0,0,0,0.5,1,0
,inter,2,0,1,0,0,0,1,0,3,0
,spont,0,0,0.5,0,0,0,0,1,0,0
,imp,0.5,0,0,2,0,0.5,2,0,1,0.5
,arg,0,1,0,0,2,0.5,1,0.5,1,0.5
,inst,0,0,1,1,2,0.5,0,0,3,0
,keer,1,0.5,1,0.5,0.5,0,1,0,2,0
,subj,1,1,1,1,1,3,0.5,2,1,1
www_porterracing_ee.ela_609577.txt,abs,0,0,0,0,1,0,0.5,0.5,0,0.5
,info,2,0.5,2,1,2,1,2,1,0,2
,aeg,3,2,2,2,0.5,0,3,0.5,0,2
,afek,2,2,1,2,1,0.5,3,0.5,3,3
,form,0.5,0.5,0,0.5,0.5,0,0,0,0,0
,inter,0,0,0,0,0,0,0,0,0.5,0
,spont,0,0,2,0,1,2,2,0,2,1
,imp,1,0.5,0.5,2,2,0.5,1,1,0.5,1
,arg,0,0.5,0,0,0,1,1,0,0,0
,inst,0.5,0.5,0.5,0.5,0.5,1,1,0,0,0
,keer,1,0,0,1,0,0,0.5,0,0,0.5
,subj,3,2,3,0.5,2,1,2,2,3,1
www_naisteleht_ee.ela_355886.txt,abs,2,2,2,1,2,0,2,2,1,2
,info,0,0.5,1,0.5,0.5,0,0.5,0,0,0.5
,aeg,0,0,0.5,0,0.5,1,1,2,0,0.5
,afek,2,1,3,3,2,3,3,2,3,3
,form,0,0,0,0,0,0,0,0,0,0
,inter,1,2,0,1,0,0,2,0,2,0
,spont,1,1,1,1,1,2,2,0,0.5,0
,imp,0,0,0,0,0.5,0.5,0,0.5,0.5,0.5
,arg,1,0.5,1,0.5,0.5,0.5,0.5,0.5,2,0.5
,inst,2,2,2,2,2,2,0.5,0,0,0
,keer,0,0,0,0,0,0,0,0,2,0
,subj,1,0.5,1,2,0.5,1,1,1,1,1
toompark_pri_ee.ela_458650.txt,abs,2,1,0,0,3,0,2,2,2,1
,info,1,0,1,1,0.5,0,0.5,1,0,0.5
,aeg,1,0.5,0.5,0.5,0,0,1,0.5,0,0.5
,afek,1,2,2,2,3,3,3,3,3,1
,form,1,1,0.5,0,0.5,0,0,0,0,0
,inter,1,2,0.5,0,0,0,0,0,3,0
,spont,0,0,2,1,1,3,2,1,3,2
,imp,1,0,0,0,0,0,2,0.5,0.5,0
,arg,2,1,1,1,1,1,0.5,0.5,2,1
,inst,1,0,1,1,0.5,3,0,1,3,0
,keer,1,1,0,0,0,0,0.5,0,1,0
,subj,3,3,3,3,3,3,3,2,3,3
reisiajakiri_gomaailm_ee.ela_530539.txt,abs,0,0,0,0,0,0,0.5,0.5,0.5,0
,info,2,1,1,1,1,1,2,3,0,2
,aeg,1,1,1,1,0.5,1,3,2,0,2
,afek,1,1,1,2,1,2,2,0,1,0
,form,0.5,0.5,0,0,0,2,0.5,0,0,0
,inter,1,0,1,0,0,0,1,0,1,0
,spont,0,0,2,0,1,3,2,0,2,0
,imp,2,0,0,0.5,0,0,0,0,0.5,0
,arg,0,0,1,1,0.5,0,1,0,0.5,0
,inst,0,1,0,0,2,2,0,0,1,0
,keer,0,0,0,0,0,0,0,0,0.5,0
,subj,1,1,1,1,1,1,2,0.5,3,0
et_wikipedia_org.ela_467359.txt,abs,0,0,0,0,0,0.5,0.5,0,1,0
,info,0.5,0.5,1,0.5,1,1,1,1,0,0.5
,aeg,1,1,1,0.5,1,2,0.5,0.5,0,1
,afek,0.5,0,0.5,0.5,0,0.5,0,0.5,0.5,0
,form,0,2,1,0,0,1,0,0,0,0
,inter,0,0.5,0,0,0,0,0,0,2,0
,spont,0,1,0,1,2,0,0,0,1,0
,imp,3,0.5,1,0.5,0.5,0,0.5,1,0.5,0
,arg,0.5,0,0,0.5,0,0,1,0.5,0.5,2
,inst,0,0,0,0.5,0.5,1,0.5,0,0,0
,keer,2,0.5,0,0.5,0,0,1,0.5,1,0.5
,subj,0,0,0,0,0,1,0,1,1,0
www_horisont_ee.ela_455809.txt,abs,2,1,0,0,3,2,2,1,0,1
,info,1,0.5,3,2,1,3,0,3,1,2
,aeg,0,0,2,2,0.5,0.5,2,2,0,3
,afek,0,0,0.5,1,0.5,1,0,0.5,0.5,0.5
,form,0,2,0,0,1,0,0.5,0,1,1
,inter,0,0.5,0,1,0,0,1,0,0,0
,spont,0,0,0.5,0,0,0.5,0,0,0,0
,imp,3,2,2,0.5,0.5,1,2,2,3,2
,arg,1,2,1,1,1,2,0.5,2,0.5,0.5
,inst,0,0,0,2,2,0,0,0,1,0
,keer,0.5,2,1,2,1,0,2,0,1,2
,subj,0,0,0,0,0,0,0.5,0.5,1,0
untitled.txt,abs,2,2,2,1,3,1,3,0.5,0,1
,info,1,1,1,0.5,1,0.5,0,1,0,1
,aeg,2,1,1,2,0,0,0,0,0,2
,afek,1,1,1,2,1,1,2,2,3,2
,form,0.5,0.5,1,0,0.5,0.5,0.5,0,0,0
,inter,0,0,1,0,0,0,0,0,2,0
,spont,0,0,1,0.5,0.5,1,0,0,0,1
,imp,1,0,1,1,2,1,1,0.5,0.5,1
,arg,0,0,0,0,0,1,2,0,0.5,0
,inst,1,0.5,1,2,0.5,0,1,0,2,0
,keer,0,1,0,0.5,0.5,0,0,0,1,0
,subj,0,0,0.5,0,0,0.5,0,0.5,0.5,0
www_tallegg_ee.ela_33687.txt,abs,0,1,0,0,2,0,1,2,0,0
,info,0.5,3,0.5,0.5,2,2,0,3,0,0
,aeg,0,0,0,0.5,0,1,1,0,0,0.5
,afek,1,2,0.5,1,0.5,2,1,1,3,3
,form,0,0,0,0,0,0,0.5,0.5,0.5,0
,inter,0.5,0.5,0,0.5,0,0,2,0,0.5,0
,spont,1,1,0,0.5,2,2,3,0,2,0
,imp,0.5,0,2,0,1,0,0,0,0,2
,arg,2,1,0.5,0.5,1,1,0,0.5,0,1
,inst,3,2,3,0.5,2,2,2,0.5,0,0
,keer,0,0,1,2,2,0,0,0,0,1
,subj,1,0,2,1,1,1,0.5,1,3,0.5
eok_ee.ela_435890.txt,abs,0.5,0.5,0,0.5,0.5,1,1,1,1,1
,info,3,2,3,2,3,2,2,2,2,1
,aeg,3,3,0.5,0.5,2,2,1,1,3,3
,afek,0,0,0,1,0,1,1,0.5,1,0.5
,form,2,2,0,0,0.5,2,1,2,1,1
,inter,0,0,1,0,0,0,1,0,1,0
,spont,0,0,0.5,0,0,0,0,0,0,1
,imp,3,0,0,0,0,1,2,1,0.5,0.5
,arg,0.5,0,0,0,0,2,0,0,0,0
,inst,0,0,0,0,2,1,0,0,1,0
,keer,0.5,0.5,0.5,2,3,0,2,0,0,1
,subj,0,0.5,0.5,0,1,1,1,0.5,1,1
kalah_zzz_ee.ela_52237.txt,abs,3,2,3,1,3,3,3,3,3,3
,info,2,0,2,2,0.5,0.5,0.5,0.5,0.5,3
,aeg,0,0,0,2,0,0.5,0,0,1,1
,afek,1,0.5,1,0.5,1,1,0.5,0,0,0
,form,0,2,0,0,0,1,1,0,0,0
,inter,1,1,1,1,1,0,0,0,0,0
,spont,0,0,0,1,2,1,1,1,1,1
,imp,3,2,1,0.5,2,3,3,2,3,3
,arg,3,2,0.5,0,3,3,2,2,3,2
,inst,0,0,0,1,0.5,1,0,0,3,0
,keer,2,2,2,0.5,1,0,2,0,0.5,1
,subj,0,2,2,0,3,1,3,0,0,1
valitsus_ee.ela_480708.txt,abs,3,2,1,1,1,0,2,1,1,3
,info,0,0.5,2,1,0.5,2,0,2,0,0.5
,aeg,1,0,0.5,2,0,0.5,0.5,0,0,0.5
,afek,1,2,3,1,3,3,0.5,2,3,0.5
,form,0.5,0.5,0.5,0.5,0,1,1,1,2,0
,inter,0,2,0,0,0,0.5,1,1,3,1
,spont,0,0,0.5,0,0,1,1,0,0,0
,imp,1,0,0,1,2,0,0.5,0.5,0.5,1
,arg,3,2,1,0,0,0,2,2,1,0.5
,inst,1,0,1,1,2,2,0,0,0,0
,keer,0.5,2,1,0.5,0,0,0,0,0.5,0
,subj,2,3,2,2,3,2,0.5,2,0.5,2
www_kasutatudraamat_ee.ela_68759.txt,abs,1,0.5,1,0,2,0,0.5,0,0,1
,info,0.5,1,1,0.5,0.5,0.5,0,0.5,1,2
,aeg,0,0,0,2,0,2,2,1,0,2
,afek,2,2,2,3,3,3,2,2,2,3
,form,0,0,0,0,0,0.5,0.5,0.5,0.5,0.5
,inter,3,2,3,2,2,2,3,0,3,2
,spont,0,0,0,0,0,3,0,0,0,0
,imp,0,0,0,1,0.5,0,0,0,0,0
,arg,0,0,0,1,0,0,0,0,0,0
,inst,0,0,0,0,0.5,0,0,0,0,0
,keer,2,0.5,0,2,1,0,0,1,0,1
,subj,0.5,1,0.5,0.5,1,3,0,2,0.5,0.5
www_epl_ee.ela_685672.txt,abs,0,1,1,1,2,0,2,0.5,2,2
,info,0.5,2,0.5,0.5,2,2,2,3,0,2
,aeg,3,0,0,0,0,2,0,0,0,2
,afek,2,2,3,3,3,2,2,1,3,3
,form,0,0.5,0,0,0,0,0,0,0.5,0
,inter,0,2,0,2,2,1,2,0,3,0
,spont,2,1,2,2,2,2,2,1,2,2
,imp,1,0.5,1,1,0.5,0,0,2,1,2
,arg,3,3,3,2,3,0.5,2,2,2,1
,inst,0,1,1,0,2,2,2,0,2,0
,keer,0,0,1,2,1,0,0,0,1,2
,subj,3,3,2,3,0.5,2,3,3,3,3
unitedkiters_ee.ela_78733.txt,abs,3,0.5,0,0,2,0,0.5,2,0.5,0.5
,info,0,3,1,1,0.5,0.5,0.5,1,0,0.5
,aeg,0,1,1,2,1,0.5,1,1,1,0.5
,afek,3,2,2,3,3,3,3,1,2,2
,form,0.5,1,0.5,1,0.5,0.5,0.5,0.5,1,1
,inter,0,0,1,0,0,0,0,0,1,0
,spont,1,1,3,1,1,3,2,1,3,2
,imp,0,0,0,1,2,0.5,1,0.5,0.5,1
,arg,1,0,1,1,0.5,0.5,1,0,1,0.5
,inst,0,0,0,1,0.5,0.5,1,0.5,0.5,0.5
,keer,1,1,0,0.5,3,0,0,0.5,3,2
,subj,1,1,0.5,1,2,3,2,1,3,2
www_linnaleht_ee.ela_420357.txt,abs,0,0,0,1,0,0,1,1,0,0
,info,0,0.5,0.5,0.5,0,0.5,1,2,0,1
,aeg,1,1,1,1,0,0.5,1,0,0,0.5
,afek,1,2,3,2,3,3,2,1,2,2
,form,0,0.5,0,0,0,0,0,0,0,0
,inter,3,2,3,1,1,0,1,0,2,0
,spont,0.5,0,2,1,1,2,1,2,2,1
,imp,1,1,1,0.5,1,0,0,0,0,0
,arg,0,2,0.5,1,1,2,2,0,0,1
,inst,1,1,1,1,1,0,0,0,2,0
,keer,0,1,1,0,0,0,0.5,0,1,0.5
,subj,2,3,2,2,3,3,2,2,3,1
www_nami-nami_ee.ela_173054.txt,abs,0,0,0,0,0,0,0,0,0,0
,info,2,1,3,3,0.5,2,3,0.5,0,3
,aeg,0,3,3,3,3,2,3,0,0,2
,afek,0,0,0,0,0,0,0,0,2,0
,form,0,0.5,0,0,0,0,1,0,0,0
,inter,0,2,0,1,0,1,2,0,0,0
,spont,0,0,1,0,1,1,1,0,0,0
,imp,1,3,1,0,2,1,0.5,0.5,3,1
,arg,2,0,0,0,0,0.5,2,0,0,0
,inst,3,3,3,3,3,3,3,2,3,3
,keer,0,0,0,0,0,0,0,0.5,0.5,0
,subj,0.5,1,0.5,0.5,1,0,0,0,2,0
www_mulje_ee.ela_177932.txt,abs,3,0.5,0,1,2,0,2,1,0,2
,info,0.5,2,1,0.5,0,0.5,0,2,0,2
,aeg,1,2,2,3,0,0.5,2,2,0,2
,afek,3,3,3,3,3,3,3,2,3,3
,form,0,0,0,0,0,0,0.5,0.5,0.5,0.5
,inter,3,3,3,3,3,3,2,2,3,3
,spont,3,3,3,3,3,3,3,3,3,3
,imp,0,0,0,0.5,0.5,0.5,0,0,0,1
,arg,1,0,0,0,1,0.5,2,0,2,1
,inst,0.5,1,0.5,0.5,1,0.5,0.5,0,3,0
,keer,3,3,1,2,2,0,0.5,1,0,0
,subj,1,2,3,1,0.5,3,3,0,3,0
rahvahaal_delfi_ee.ela_135048.txt,abs,1,1,0,0,2,0,0.5,0,1,0.5
,info,1,0.5,1,0.5,0.5,2,0,0.5,0,0.5
,aeg,0.5,0,0.5,1,0,2,0.5,0.5,0,0.5
,afek,3,2,3,2,3,2,3,2,3,2
,form,0,0.5,0,0,0,0,0.5,0,0.5,0
,inter,3,3,3,3,3,2,3,3,3,1
,spont,3,3,3,3,3,3,3,3,3,3
,imp,1,1,0,0,0.5,1,1,0.5,1,1
,arg,3,1,2,1,2,1,0.5,0.5,1,0.5
,inst,2,3,2,2,3,1,0.5,2,1,1
,keer,1,1,0,0.5,0.5,0,0,0,2,1
,subj,3,0.5,1,3,2,3,2,2,2,2
valitsus_ee.ela_132104.txt,abs,0,0,0,2,0,2,0,0,0,2
,info,3,3,3,0.5,3,0.5,1,1,2,1
,aeg,0,0.5,0.5,0.5,0,0.5,1,0.5,0.5,1
,afek,1,0.5,0.5,1,1,0,0,0,1,0
,form,2,3,2,3,2,2,2,3,3,2
,inter,0,0,0,0,0,0,1,0,1,0
,spont,0,0,0,0,0,1,0.5,0,1,0.5
,imp,3,3,1,2,3,2,3,2,2,3
,arg,1,1,1,0,1,2,3,0,3,2
,inst,1,0,0,1,1,2,2,1,2,0
,keer,2,0.5,2,2,0.5,0,1,0.5,0.5,2
,subj,0,0,1,0,0,0,0,0,0.5,1
www_vsport_ee.ela_120496.txt,abs,0,0,0,0,0,0.5,0,0,0,0.5
,info,0.5,3,3,3,0,2,3,3,0.5,3
,aeg,3,3,3,3,2,2,3,2,2,3
,afek,0,0,0,1,1,0.5,0.5,1,3,1
,form,1,1,0,1,1,0.5,2,0,1,1
,inter,3,0.5,2,0,0,0,0,1,0,0
,spont,0,0,0,0,2,0,0,0,0,0
,imp,3,0,0,2,0.5,2,0,0.5,0.5,1
,arg,0,0,0.5,0.5,0.5,0.5,1,1,0.5,1
,inst,0,0,0,3,3,0,0,0,2,0
,keer,0.5,2,0.5,0.5,2,1,1,0,0.5,2
,subj,0,0,0,1,0,0.5,0,2,1,0
www_lemmik_ee.ela_519214.txt,abs,0,0,0,0,0,0,0,1,0,0.5
,info,1,1,0.5,0.5,1,0.5,0.5,0.5,0,1
,aeg,1,1,0,0.5,0.5,0,0.5,0,0,2
,afek,0,0,0,0,0,1,1,1,2,1
,form,0.5,2,0,0,1,0.5,0,0.5,0,0
,inter,1,1,1,1,0,1,0,0,3,1
,spont,0,0,1,0,0,0,1,0,0,0
,imp,1,1,1,0.5,1,1,0.5,0.5,1,1
,arg,1,0,0.5,1,0,0.5,1,0.5,0.5,0.5
,inst,0,0.5,1,0.5,0,0,0.5,1,1,0.5
,keer,0.5,1,0.5,0,0.5,0,1,0.5,1,0.5
,subj,0,0,0,0,0,1,2,0,0,0
no_spam_ee.ela_2227.txt,abs,2,0,0,0.5,0,1,0,0,0,2
,info,3,3,3,2,3,2,2,2,1,3
,aeg,0,0,0,1,0,1,2,1,0,0.5
,afek,0,0,0,0,0,1,0,0,0,0
,form,3,3,3,3,3,2,3,3,3,3
,inter,2,2,0,1,0,1,0,0,1,0
,spont,0,0,0,0,0,0,0,0,0,0
,imp,1,2,2,2,2,1,0.5,0.5,3,0.5
,arg,3,3,2,2,0.5,2,2,3,3,3
,inst,1,2,3,2,1,0,1,1,3,0
,keer,2,3,2,1,2,2,2,1,2,0.5
,subj,0,0,0,0,0,0,0,0,0,0
reform_ee.ela_24983.txt,abs,3,0,1,1,0,0.5,1,2,2,3
,info,0.5,0.5,1,1,0.5,0.5,0.5,0.5,0.5,1
,aeg,0,1,1,1,1,0.5,0,0.5,0,1
,afek,1,1,2,0,1,1,0,1,1,0
,form,0.5,0.5,0,0,0.5,0,2,0,3,0
,inter,1,2,0,0,0,0,0.5,0,0.5,0
,spont,0,0,1,0,0,0,0,0,0,0
,imp,1,1,1,2,1,0.5,3,0.5,2,1
,arg,3,3,1,2,2,0.5,2,0.5,2,0.5
,inst,1,3,2,2,3,2,0,2,3,2
,keer,0,0,0.5,0,0.5,0,2,0,2,0
,subj,2,3,1,1,2,1,0,1,0,1
www_admiralmarkets_ee.ela_333517.txt,abs,0,3,1,0,0,2,0,0.5,0.5,1
,info,2,2,3,0.5,2,2,2,2,2,3
,aeg,0,3,2,2,0.5,2,1,2,1,3
,afek,0,0,0,0,0,0,0,1,0,0
,form,1,2,0.5,1,2,2,2,0.5,0.5,0.5
,inter,0,0,0,0,0,0,0,0,0,0
,spont,0,0,0,0,0,0,0,0,0,0
,imp,3,3,3,2,3,2,0,1,1,3
,arg,0.5,0,1,0,1,1,0.5,0.5,1,1
,inst,0,1,0.5,0.5,1,2,0,0,1,0
,keer,0,1,2,1,2,0,1,0.5,0.5,0.5
,subj,0.5,1,0,0,0.5,0,0,0,0,0
www_post_ee.ela_149870.txt,abs,0,0,0,0,0,1,0,0,0,2
,info,0.5,1,1,0.5,1,0.5,3,3,0.5,3
,aeg,1,0.5,0.5,0.5,1,2,1,3,0,3
,afek,0.5,0,0.5,0.5,0.5,1,0,0,0,0
,form,3,3,3,2,2,2,3,2,1,0.5
,inter,0.5,0,0,0,0,0,2,0,1,0
,spont,0,0,0,0,0,0.5,0.5,0.5,0.5,0.5
,imp,3,3,3,1,2,0,0,2,3,2
,arg,1,0,0,0,0,0,1,0,0.5,0
,inst,2,2,2,2,1,0,2,1,1,2
,keer,0,0.5,1,0,0,0,1,0,0,0
,subj,1,1,1,0.5,1,0.5,1,0.5,0.5,0
www_reklaamitrikk_ee.ela_315713.txt,abs,0.5,3,1,0,1,0,0,1,0,0.5
,info,3,1,3,0,2,2,1,1,2,1
,aeg,3,2,2,2,1,0.5,3,1,0,1
,afek,1,0.5,1,1,1,1,1,1,1,3
,form,0,0,0,0,0,0,1,0,0,0
,inter,0.5,0,1,0,0,0,1,0,1,0
,spont,1,0,1,1,2,0.5,1,0,1,2
,imp,1,0,1,0.5,0.5,0,3,0.5,1,2
,arg,0.5,2,3,2,3,2,0.5,0,0,1
,inst,0.5,0.5,0.5,0.5,0,0.5,0,0,0.5,0
,keer,0,2,0,1,1,0.5,0.5,0.5,0.5,0.5
,subj,3,3,3,2,3,0.5,2,2,2,3
www_lillelapsed_ee.ela_607751.txt,abs,1,0,0,0.5,0,0,0,2,1,0.5
,info,1,1,1,2,1,0.5,0.5,1,0,0.5
,aeg,1,2,2,2,1,0.5,1,0.5,0,1
,afek,0,0,1,0,0,1,0,1,3,0
,form,0,0.5,0,0,1,0.5,0.5,1,1,0.5
,inter,3,3,1,0,0,1,3,0,3,0
,spont,1,0.5,1,1,1,1,1,0,1,1
,imp,3,0,0,0,0,0.5,0,0.5,2,3
,arg,2,3,0,1,1,2,2,0,2,1
,inst,3,3,3,3,3,2,3,1,3,3
,keer,0,0.5,0,0.5,0,0,0,0,0,0
,subj,0.5,0,0,0,2,1,1,0.5,1,1
kaja_ekstreem_ee.ela_71641.txt,abs,0.5,1,0,0,0.5,0,1,0.5,0,2
,info,0.5,0.5,1,2,2,2,2,3,0,2
,aeg,3,0.5,3,3,2,2,3,2,1,3
,afek,2,1,1,1,1,1,2,1,2,0
,form,0,0.5,0,0,0,0,0.5,0.5,0.5,0
,inter,1,1,1,0,0,0,1,0,1,0
,spont,0,0,0,0,0,0,1,0,1,1
,imp,0,1,1,3,2,0.5,0,2,1,1
,arg,0,0,0,0,1,0.5,1,0,0.5,0.5
,inst,1,1,1,1,1,1,0,0,0,0
,keer,0,2,0,2,1,0,1,0,1,0
,subj,2,1,1,1,0.5,1,1,0.5,2,2
herba_folklore_ee.ela_93408.txt,abs,1,2,0,0,0.5,0,0,0,0,0.5
,info,1,1,3,3,2,2,2,3,0.5,3
,aeg,1,0,0,0.5,0,0.5,0.5,0,0,1
,afek,0,0,0.5,0,1,1,1,0,0.5,0.5
,form,1,3,0,0,3,2,2,2,3,3
,inter,0,0.5,0,0,0,0,0,0,0,0
,spont,0,0,0,0,0,0,0,0,0,0
,imp,3,3,3,0.5,3,3,1,2,3,3
,arg,1,1,0,0.5,0.5,0.5,1,0.5,0.5,0.5
,inst,0,0,0,1,0,0.5,1,0.5,1,0.5
,keer,0,0.5,0,2,2,0,0.5,0,0.5,0
,subj,0,0,0,0,0,0,0,0,0,0
www_employers_ee.ela_617415.txt,abs,0,2,0,0,0.5,0,0,0,0,2
,info,2,3,3,2,2,0.5,0.5,1,2,1
,aeg,1,1,1,0.5,1,2,2,1,0,3
,afek,0,0,0,0,0,1,0.5,0.5,0.5,1
,form,1,2,0,0,2,2,2,2,2,2
,inter,0,0,0,0,0,0.5,1,0,1,0.5
,spont,0,0,0,0,0,0,0,0,0,1
,imp,3,1,1,0,2,3,2,2,0.5,2
,arg,2,0,1,1,1,2,1,0.5,0.5,3
,inst,0,0,0,0,0,2,0,0,2,0
,keer,0,2,1,0.5,0.5,0,2,0,1,1
,subj,0,1,0,0,0,0.5,0,0,0,0
